Algiers,Algeria,Africa
Luanda,Angola,Africa
Sydney,Australia,Oceania
Brisbane,Australia,Oceania
Vienna,Austria,Europe
Baku,Azerbaijan,Asia
Dhaka,Bangladesh,Asia
Rio De Janeiro,Brazil,South America
Sao Paulo,Brazil,South America
Belo Horizonte,Brazil,South America
Brasilia,Brazil,South America
Manaus,Brazil,South America
Recife,Brazil,South America
Porto Alegre,Brazil,South America
Salvador,Brazil,South America
Sofia,Bulgaria,Europe
Yaounde,Cameroon,Africa
Montreal,Canada,North America
Calgary,Canada,North America
Toronto,Canada,North America
Shanghai,China,Asia
Beijing,China,Asia
Tianjin,China,Asia
Guangzhou,China,Asia
Chengdu,China,Asia
Wuhan,China,Asia
Harbin,China,Asia
Hangzhou,China,Asia
Haikou,China,Asia
Taiyuan,China,Asia
Kunming,China,Asia
Hefei,China,Asia
Shijiazhuang,China,Asia
Changsha,China,Asia
Changchun,China,Asia
Shenzhen,China,Asia
Chongqing,China,Asia
Lanzhou,China,Asia
Nanchang,China,Asia
Dalian,China,Asia
Zhengzhou,China,Asia
Medellin,Colombia,South America
Bogota,Colombia,South America
Santo Domingo,Dominican Republic,North America
Quito,Ecuador,South America
Guayaquil,Ecuador,South America
Cairo,Egypt,Africa
Alexandria,Egypt,Africa
Addis Ababa,Ethiopia,Africa
Helsinki,Finland,Europe
Paris,France,Europe
Lyon,France,Europe
Marseille,France,Europe
Tbilisi,Georgia,Europe
Stuttgart,Germany,Europe
Hamburg,Germany,Europe
Dusseldorf,Germany,Europe
Guatemala City,Guatemala,North America
Delhi,India,Asia
Mumbai,India,Asia
Bengaluru,India,Asia
Hyderabad,India,Asia
Chennai,India,Asia
Pune,India,Asia
Ahmedabad,India,Asia
Jaipur,India,Asia
Lucknow,India,Asia
Jakarta,Indonesia,Asia
Surabaya,Indonesia,Asia
Makassar,Indonesia,Asia
Tehran,Iran,Asia
Mashhad,Iran,Asia
Tabriz,Iran,Asia
Baghdad,Iraq,Asia
Mosul,Iraq,Asia
Rome,Italy,Asia
Milan,Italy,Asia
Abidjan,Ivory Coast,Africa
Tokyo,Japan,Asia
Fukuoka,Japan,Asia
Sapporo,Japan,Asia
Osaka,Japan,Asia
Hiroshima,Japan,Asia
Amman,Jordan,Asia
Nairobi,Kenya,Africa
Kuwait City,Kuwait,Asia
Mexico City,Mexico,North America
Casablanca,Morocco,Africa
Kathmandu,Nepal,Asia
Amsterdam,Netherlands,Europe
Kano,Nigeria,Africa
Pyongyang,North Korea,Asia
Karachi,Pakistan,Asia
Lahore,Pakistan,Asia
Faisalabad,Pakistan,Asia
Peshawar,Pakistan,Asia
Asuncion,Paraguay,South America
Lima,Peru,South America
Manila,Philippines,Asia
Lisbon,Portugal,Europe
San Juan,Puerto Rico,North America
Moscow,Russia,Europe
Saint Petersburg,Russia,Europe
Ekaterinburg,Russia,Asia
Riyadh,Saudi Arabia,Asia
Jeddah,Saudi Arabia,Asia
Singapore,Singapore,Asia
Johannesburg,South Africa,Africa
Cape Town,South Africa,Africa
Seoul,South Korea,Africa
Daejeon,South Korea,Africa
Daegu,South Korea,Africa
Barcelona,Spain,Europe
Madrid,Spain,Europe
Khartoum,Sudan,Africa
Homs,Syria,Asia
Taipei,Taiwan,Asia
Bangkok,Thailand,Asia
Istanbul,Turkey,Europe
Ankara,Turkey,Europe
Adana,Turkey,Europe
London,United Kingdom,Europe
Birmingham,United Kingdom,Europe
Washington  D.C.,United States,North America
New York City,United States,North America
Chicago,United States,North America
Miami,United States,North America
Atlanta,United States,North America
Dallas,United States,North America
Philadelphia,United States,North America
Boston,United States,North America
San Francisco,United States,North America
San Diego,United States,North America
San Jose,United States,North America
Houston,United States,North America
Phoenix,United States,North America
Detroit,United States,North America
Denver,United States,North America
San Antonio,United States,North America
Seattle,United States,North America
Nashville,United States,North America
Tashkent,Uzbekistan,Asia
Ho Chi Minh City,Vietnam,Asia
Hanoi,Vietnam,Asia
Athens,Greece,Europe
Los Angeles,United States,North America
Spokane,United States,North America
